{
  "project_info": {
    "project_number": "124730107996",
    "project_id": "accumul8-af194",
    "storage_bucket": "accumul8-af194.appspot.com"
  },
  "client": [
    {
      "client_info": {
        "mobilesdk_app_id": "1:124730107996:android:0d83e3caec7f98101c5e99",
        "android_client_info": {
          "package_name": "com.varsitycollege.accumul8"
        }
      },
      "oauth_client": [
        {
          "client_id": "124730107996-sk76ms7pbrio4ubnm441732vo72k3oh3.apps.googleusercontent.com",
          "client_type": 3
        }
      ],
      "api_key": [
        {
          "current_key": "AIzaSyDUbSRl7uox6D-AXavk7lcD0ZPZPu3lH2g"
        }
      ],
      "services": {
        "appinvite_service": {
          "other_platform_oauth_client": [
            {
              "client_id": "124730107996-sk76ms7pbrio4ubnm441732vo72k3oh3.apps.googleusercontent.com",
              "client_type": 3
            }
          ]
        }
      }
    }
  ],
  "configuration_version": "1"
}